,male,female
개봉동,199.98122489506702,187.7316605149391
독산동,163.36475343427614,175.0243761823259
오류동,237.51153803483598,222.6564944792765
시흥동,136.7388467297968,132.6255507564083
구로동,227.3531681445729,252.34954383848867
고척동,149.17564841236663,145.90022902428385
